{
  "train_loss": [
    0.946129623386595,
    0.3892305123585242,
    0.30958870163670293,
    0.2160458437822483,
    0.23475422448030225,
    0.17871094370881715,
    0.14024072202543417,
    0.08026431038699768,
    0.11521067722114148,
    0.08705399789054084,
    0.06635036664428534,
    0.05007212308959828,
    0.05001106639220207,
    0.09240304145755039,
    0.054032378174640516
  ],
  "train_acc": [
    0.6734449760765551,
    0.8648325358851675,
    0.8839712918660287,
    0.9222488038277512,
    0.9318181818181818,
    0.9389952153110048,
    0.9557416267942583,
    0.9748803827751196,
    0.9760765550239234,
    0.972488038277512,
    0.9796650717703349,
    0.9844497607655502,
    0.9868421052631579,
    0.9844497607655502,
    0.9952153110047847
  ],
  "val_loss": [
    0.5234017595648766,
    0.3303304985165596,
    0.32153424248099327,
    0.24446259997785091,
    0.20543501898646355,
    0.30198862217366695,
    0.307360477745533,
    0.3718514256179333,
    0.28836045414209366,
    0.28432031348347664,
    0.3172660917043686,
    0.3002229258418083,
    0.36324815824627876,
    0.2713664472103119,
    0.2979832775890827
  ],
  "val_acc": [
    0.8365384615384616,
    0.8653846153846154,
    0.9038461538461539,
    0.9230769230769231,
    0.9230769230769231,
    0.9134615384615384,
    0.9038461538461539,
    0.875,
    0.9134615384615384,
    0.9134615384615384,
    0.9134615384615384,
    0.8846153846153846,
    0.8846153846153846,
    0.9230769230769231,
    0.9038461538461539
  ],
  "best_epoch": 4,
  "best_val_acc": 0.9230769230769231,
  "test_acc": 0.8207547169811321,
  "test_f1": 0.8196239031709199,
  "elapsed_seconds": 633.1445364952087
}